{
  "machineName": "H5P.Video",
  "title": "Video",
  "contentType": "Media",
  "description": "Plays video from multiple sources.",
  "license": "MIT",
  "author": "Joubel",
  "majorVersion": 1,
  "minorVersion": 6,
  "patchVersion": 65,
  "runnable": 0,
  "coreApi": {
    "majorVersion": 1,
    "minorVersion": 19
  },
  "preloadedJs": [
    {
      "path": "scripts/vimeo.js"
    },
    {
      "path": "scripts/youtube.js"
    },
    {
      "path": "scripts/panopto.js"
    },
    {
      "path": "scripts/echo360.js"
    },
    {
      "path": "scripts/html5.js"
    },
    {
      "path": "scripts/video.js"
    }
  ],
  "preloadedCss": [
    {
      "path": "styles/video.css"
    }
  ]
}
